{"cameraMode":{"drawMode":0,"name":"Shaded","section":"Shading Mode"},"sceneLighting":true,"audioPlay":false,"sceneViewState":{"m_AlwaysRefresh":false,"showFog":true,"showSkybox":true,"showFlares":true,"showImageEffects":true,"showParticleSystems":true,"showVisualEffectGraphs":true,"m_FxEnabled":true},"in2DMode":false,"pivot":{"x":0.6159970760345459,"y":-89.77717590332031,"z":29.49530792236328},"rotation":{"x":-0.5869698524475098,"y":-0.004372153431177139,"z":0.0031727137975394727,"w":-0.8096118569374085},"size":53.57137680053711,"orthographic":false}